suit,sensor,joint_name,cx_uT,cy_uT,cz_uT,offset_mag_uT,offset_pct_radius,radius_uT,residual_uT,residual_pct_radius,flag,baseline_pct_radius,baseline_source,notes
1,left wrist,LeftWrist,-0.02,0.07,0.08,0.108,0.20,53.010,0.308,0.58,clean,2.45,06-01,pristine; cleaner than 2.45% baseline though never recalibrated -> suit-1 cal refresh tightened it
1,left elbow,LeftElbow,-0.02,0.12,0.00,0.122,0.23,53.380,0.276,0.52,clean,0.06,recal,recal holding; pristine
1,left shoulder,LeftShoulder,0.13,-0.10,-0.10,0.192,0.36,53.400,0.341,0.64,clean,0.19,recal,recal holding; pristine; completes suit-1 left-arm chain all clean
1,right wrist,RightWrist,0.15,-0.02,-0.11,0.187,0.36,52.560,0.293,0.56,clean,0.40,recal,recal holding; was #2-worst 30.4% pre-recal
1,right elbow,RightElbow,0.43,0.18,-0.49,0.676,1.25,54.110,0.331,0.61,clean,0.93,06-01,clean
1,right shoulder,RightShoulder,0.11,-0.76,0.03,0.769,1.42,54.120,0.390,0.72,clean,1.50,06-01,clean
1,left ankle,LeftAnkle,-0.08,-0.48,-0.15,0.509,0.95,53.740,0.356,0.66,clean,0.72,06-01,clean; old 2.44% residual flag (Finding 4) resolved to 0.66%
1,left knee,LeftKnee,0.19,-0.56,0.33,0.677,1.25,54.130,0.544,1.00,clean,1.48,06-01,clean
1,left hip,LeftHip,-0.02,-0.46,0.75,0.880,1.63,53.840,0.415,0.77,clean,2.42,06-01,clean
1,right ankle,RightAnkle,0.18,-0.15,0.28,0.365,0.68,53.840,0.270,0.50,clean,0.99,06-01,clean
1,right knee,RightKnee,0.08,-0.01,-0.02,0.083,0.16,53.120,0.228,0.43,clean,0.18,recal,recal holding; was 8.61% pre-recal; pristine
1,right hip,RightHip,0.51,-0.27,0.16,0.599,1.11,53.870,0.305,0.57,clean,1.43,06-01,clean
1,chest,MidVertebrae,1.40,-0.44,0.71,1.630,3.02,53.910,0.283,0.52,clean,2.71,06-01,clean high-side as before; never recalibrated
1,base of skull,Head,-0.03,0.13,0.13,0.186,0.35,52.670,0.413,0.78,clean,0.15,recal,recal holding; was 7.45% pre-recal; systematic head (Finding 1) clean
1,pelvis anchor,PelvisAnchor,0.09,-0.07,-0.14,0.181,0.34,53.090,0.287,0.54,clean,1.23,06-01,clean; cleaner than 1.23% baseline
1,left shoulderblade base,LeftShoulderBladeBase,0.04,-0.02,-0.15,0.157,0.29,53.220,0.160,0.30,clean,0.19,recal,recal holding; was 3.97% watchlist; pristine
1,right shoulderblade base,RightShoulderBladeBase,0.83,-0.30,-0.34,0.946,1.75,53.990,0.181,0.34,clean,1.77,06-01,clean
2,left wrist,LeftWrist,0.15,-0.15,0.14,0.254,0.48,53.110,0.325,0.61,clean,0.21,recal,recal holding; was 20.18% outlier pre-recal
2,left elbow,LeftElbow,-0.18,0.20,-1.51,1.534,2.83,54.290,0.329,0.61,clean,2.06,06-01,clean Z-dominated; old 1.96% residual flag (Finding 4) resolved to 0.61%
2,left shoulder,LeftShoulder,-0.10,-0.39,0.85,0.940,1.73,54.280,0.319,0.59,clean,2.67,06-01,clean; old 1.98% residual flag (Finding 4) resolved; offset also down
2,right wrist,RightWrist,-0.13,0.05,-0.07,0.156,0.30,52.280,0.280,0.54,clean,2.05,06-01,clean
2,right elbow,RightElbow,0.63,0.40,-0.37,0.833,1.58,52.640,0.309,0.59,clean,1.28,06-01,clean
2,right shoulder,RightShoulder,0.07,0.21,0.02,0.222,0.42,52.670,0.262,0.50,clean,0.98,06-01,clean; old 2.26% residual flag (Finding 4) resolved to 0.50%
2,left ankle,LeftAnkle,0.06,0.43,0.23,0.491,0.93,53.110,0.475,0.89,clean,0.96,06-01,clean
2,left knee,LeftKnee,-0.19,-0.51,0.14,0.562,1.06,53.130,0.388,0.73,clean,1.36,06-01,clean
2,left hip,LeftHip,0.54,2.21,0.66,2.369,4.46,53.140,0.375,0.71,recald,2.09,06-01,DRIFT UP from 2.09% baseline (+2.37 pts) Y-dominated clean sphere; RECALIBRATED 2026-06-18 -> 0.51% (light sweep r52.82 resid 1.80%) then RE-SWEPT full coverage -> 0.56uT/1.04% center [0.39,-0.39,-0.07] r53.42 resid 0.259uT/0.49%; recentered clean; elevated residual was coverage not soft-iron (radius recovered 52.82->53.42)
2,right ankle,RightAnkle,1.44,-0.31,0.46,1.543,2.87,53.860,0.325,0.60,clean,2.48,06-01,clean X-dominated; consistent with baseline
2,right knee,RightKnee,0.17,-0.39,-0.67,0.794,1.47,54.120,0.468,0.86,clean,0.57,06-01,clean
2,right hip,RightHip,0.37,-0.23,-0.71,0.833,1.54,53.950,0.482,0.89,clean,1.47,06-01,clean
2,chest,MidVertebrae,-0.73,-0.26,-1.25,1.471,2.79,52.660,0.237,0.45,clean,2.37,06-01,clean
2,base of skull,Head,-0.08,-0.22,0.23,0.328,0.63,51.870,0.312,0.60,clean,0.43,recal,recal holding; was 33.11% WORST sensor pre-recal; systematic head (Finding 1) clean
2,pelvis anchor,PelvisAnchor,0.69,0.53,0.27,0.911,1.73,52.730,0.246,0.47,clean,0.09,recal,recal holding; was 6.48% pre-recal; risen from 0.09% post-recal but well clean
2,left shoulderblade base,LeftShoulderBladeBase,0.13,-0.25,-0.09,0.296,0.56,53.220,0.333,0.63,clean,0.33,06-01,clean
2,right shoulderblade base,RightShoulderBladeBase,0.51,-0.89,-0.40,1.101,2.12,52.020,0.281,0.54,clean,1.55,06-01,clean
3,left wrist,LeftWrist,-0.19,-0.03,0.06,0.202,0.38,53.670,0.203,0.38,clean,1.32,06-04,clean
3,left elbow,LeftElbow,-0.18,0.45,-0.10,0.495,0.92,53.670,0.286,0.53,clean,1.11,06-04,clean
3,left shoulder,LeftShoulder,-0.15,-0.13,0.19,0.275,0.51,53.790,0.229,0.43,clean,1.05,06-04,clean
3,right wrist,RightWrist,0.33,-0.07,0.01,0.338,0.64,52.430,0.540,1.03,clean,0.36,06-04,clean
3,right elbow,RightElbow,0.43,-0.26,0.50,0.709,1.35,52.370,0.505,0.96,clean,0.73,06-04,clean
3,right shoulder,RightShoulder,-0.23,0.14,-0.07,0.278,0.53,52.620,0.494,0.94,clean,1.05,06-04,clean
3,left ankle,LeftAnkle,-0.02,-0.10,-0.07,0.124,0.23,53.790,0.269,0.50,clean,1.99,06-04,clean
3,left knee,LeftKnee,0.12,-0.57,-0.10,0.591,1.09,54.160,0.353,0.65,clean,1.56,06-04,clean; old 2.35% residual re-sweep flag resolved to 0.65%
3,left hip,LeftHip,-0.09,-0.03,0.06,0.112,0.21,53.320,0.319,0.60,clean,0.36,recal,recal holding; was 3.18% watchlist; pristine; contrast suit-2 left hip watch (4.46%) -> individual not left-hip pattern
3,right ankle,RightAnkle,0.08,-0.05,-0.19,0.212,0.40,52.870,0.249,0.47,clean,0.33,recal,recal holding; was 17.91% outlier #4-worst pre-recal; pristine
3,right knee,RightKnee,0.26,-0.54,-0.79,0.992,1.86,53.350,0.285,0.53,clean,1.33,06-04,clean
3,right hip,RightHip,-0.54,-0.25,-0.18,0.622,1.17,53.320,0.164,0.31,clean,2.11,06-04,clean
3,chest,MidVertebrae,0.10,-0.05,-0.23,0.256,0.49,52.480,0.342,0.65,clean,0.40,recal,recal holding; was 4.69% watchlist; clean
3,base of skull,Head,-0.45,0.16,0.05,0.480,0.90,53.450,0.319,0.60,clean,0.75,recal,recal holding; was 10.1% pre-recal; all 3 heads now holding (Finding 1 resolved)
3,pelvis anchor,PelvisAnchor,0.58,-0.55,0.20,0.824,1.52,54.150,0.244,0.45,clean,1.30,06-04,clean
3,left shoulderblade base,LeftShoulderBladeBase,-0.53,0.26,-0.29,0.658,1.25,52.710,0.327,0.62,clean,0.14,recal,recal holding; was 16.2% outlier #5 (reproduced across controllers); risen from 0.14% post-recal but solidly clean
3,right shoulderblade base,RightShoulderBladeBase,-0.13,0.93,0.02,0.939,1.75,53.810,0.369,0.69,clean,1.19,06-04,clean
